WeatherPy_Database,City,Country,Lat,Lng,Max Temp,Humidity,Cloudiness,Wind Speed,Current Description
0,Rikitea,PF,-23.12,-134.97,72.48,78,47,11.12,scattered clouds
1,Yumen,CN,40.28,97.2,86.54,12,98,23.71,overcast clouds
2,Winnemucca,US,40.97,-117.74,53.6,18,1,6.93,clear sky
3,Qaanaaq,GL,77.48,-69.36,37.31,87,100,16.96,light rain
4,Tasiilaq,GL,65.61,-37.64,48.2,60,69,5.82,broken clouds
5,Sangar,RU,63.92,127.47,65.59,52,0,7.45,clear sky
6,Butaritari,KI,3.07,172.79,82.6,78,50,16.26,scattered clouds
7,Cayenne,GF,4.93,-52.33,75.2,100,83,3.36,light rain
8,Itoman,JP,26.12,127.67,84.2,83,75,12.75,broken clouds
9,Kindu,CD,-2.95,25.95,99.39,22,14,5.44,few clouds
10,Provideniya,RU,64.38,-173.3,43.41,73,83,6.78,broken clouds
11,Acapulco,MX,16.86,-99.89,79.21,79,33,4.16,scattered clouds
12,Balabac,PH,7.99,117.06,82.98,80,97,10.07,overcast clouds
13,Carndonagh,IE,55.25,-7.27,60.8,77,75,10.29,shower rain
14,Kapaa,US,22.08,-159.32,78.8,78,75,16.11,broken clouds
15,Saskylakh,RU,71.92,114.08,72.86,46,100,6.15,overcast clouds
16,Bilibino,RU,68.05,166.44,45.54,80,98,2.8,overcast clouds
17,Severo-Kurilsk,RU,50.68,156.12,53.04,88,100,3.58,overcast clouds
18,Avarua,CK,-21.21,-159.78,60.8,93,98,2.24,overcast clouds
19,Dingle,PH,11.0,122.67,78.89,85,100,4.65,moderate rain
20,Souillac,MU,-20.52,57.52,75.2,64,75,14.99,shower rain
21,Punta Arenas,CL,-53.15,-70.92,37.0,83,80,9.17,broken clouds
22,Ndele,CF,8.41,20.65,76.14,88,100,2.98,light rain
23,Cozumel,MX,20.51,-86.95,78.8,100,20,7.2,few clouds
24,Altamira,BR,-3.2,-52.21,73.53,65,0,2.08,clear sky
25,Hithadhoo,MV,-0.6,73.08,83.93,68,83,8.57,broken clouds
26,Havoysund,NO,71.0,24.66,55.4,71,61,13.87,broken clouds
27,Busselton,AU,-33.65,115.33,53.01,98,97,7.83,overcast clouds
28,Jamestown,US,42.1,-79.24,71.01,88,90,9.17,overcast clouds
29,Mar Del Plata,AR,-38.0,-57.56,50.0,100,57,7.65,broken clouds
30,Ambovombe,MG,-25.17,46.08,70.68,58,0,18.9,clear sky
31,Saint-Philippe,RE,-21.36,55.77,73.4,56,20,19.46,few clouds
32,Tuatapere,NZ,-46.13,167.68,47.52,93,62,3.71,broken clouds
33,Killybegs,IE,54.63,-8.45,60.01,93,40,11.41,scattered clouds
34,Tagusao,PH,9.19,117.81,82.74,77,93,4.65,light rain
35,Ushuaia,AR,-54.8,-68.3,37.4,85,90,3.51,light intensity drizzle
36,Leningradskiy,RU,69.38,178.42,38.1,85,99,6.2,overcast clouds
37,Adrar,MR,20.5,-10.07,103.05,8,0,9.95,clear sky
38,Chingirlau,KZ,51.09,54.08,90.37,25,98,12.75,overcast clouds
39,Esperance,AU,-33.87,121.9,57.2,67,95,5.82,overcast clouds
40,Mataram,ID,-8.58,116.12,78.8,69,20,5.82,few clouds
41,Puerto Quijarro,BO,-17.78,-57.77,68.58,51,0,2.73,clear sky
42,Kihei,US,20.79,-156.47,78.8,65,75,11.41,broken clouds
43,Port Blair,IN,11.67,92.75,83.07,78,100,24.81,light rain
44,Lorengau,PG,-2.02,147.27,81.52,79,33,11.16,scattered clouds
45,Cape Town,ZA,-33.93,18.42,73.0,30,0,14.99,clear sky
46,Nizhnyaya Tura,RU,58.63,59.81,87.28,29,76,17.58,broken clouds
47,Muttenz,CH,47.52,7.65,73.0,74,91,1.01,light rain
48,Jalu,LY,29.03,21.55,100.62,18,0,10.6,clear sky
49,Albany,US,42.6,-73.97,73.0,88,100,3.74,moderate rain
50,Torbay,CA,47.67,-52.73,59.0,100,90,10.29,overcast clouds
51,Hasaki,JP,35.73,140.83,75.99,83,75,8.05,broken clouds
52,Nyurba,RU,63.28,118.33,71.91,63,5,5.08,clear sky
53,Barrow,US,71.29,-156.79,35.6,86,90,11.41,overcast clouds
54,Bluff,NZ,-46.6,168.33,50.13,88,81,4.32,broken clouds
55,Sitka,US,57.05,-135.33,57.2,93,90,2.57,light rain
56,Ribeira Grande,PT,38.52,-28.7,75.2,69,20,6.93,few clouds
57,Amapa,BR,1.0,-52.0,73.36,96,22,1.03,few clouds
58,Nykoping,SE,58.75,17.01,71.6,60,76,11.41,broken clouds
59,Labuan,MY,5.28,115.24,86.0,79,20,2.24,few clouds
60,Mataura,NZ,-46.19,168.86,48.16,94,95,1.52,overcast clouds
61,Boddam,GB,57.47,-1.78,60.01,72,88,6.93,light rain
62,Grindavik,IS,63.84,-22.43,51.8,81,75,10.29,broken clouds
63,Atuona,PF,-9.8,-139.03,78.31,79,15,18.34,few clouds
64,Hobart,AU,-42.88,147.33,50.0,57,75,8.05,broken clouds
65,Garden City,US,42.33,-83.33,73.0,94,90,8.05,moderate rain
66,Tuntum,BR,-5.26,-44.65,78.58,55,24,11.16,few clouds
67,Chanute,US,37.68,-95.46,66.2,88,1,9.01,clear sky
68,Chokurdakh,RU,70.63,147.92,53.87,64,57,8.41,broken clouds
69,Troitsko-Pechorsk,RU,62.71,56.2,58.05,94,100,8.72,light rain
70,Denpasar,ID,-8.65,115.22,78.8,83,20,12.75,few clouds
71,Pevek,RU,69.7,170.31,35.37,87,85,3.49,overcast clouds
72,Norman Wells,CA,65.28,-126.83,66.2,88,75,9.17,broken clouds
73,Sao Filipe,CV,14.9,-24.5,78.71,81,12,7.25,few clouds
74,Katobu,ID,-4.94,122.53,74.62,83,25,5.84,scattered clouds
75,Mount Gambier,AU,-37.83,140.77,48.2,87,90,3.36,overcast clouds
76,Port Alfred,ZA,-33.59,26.89,84.72,17,0,12.68,clear sky
77,Bredasdorp,ZA,-34.53,20.04,77.0,25,0,3.36,clear sky
78,Carnarvon,AU,-24.87,113.63,66.2,82,0,11.41,clear sky
79,Dikson,RU,73.51,80.55,54.48,71,90,11.45,overcast clouds
80,Saint George,US,37.1,-113.58,84.2,18,1,3.36,clear sky
81,Port Keats,AU,-14.25,129.55,68.5,71,0,6.91,clear sky
82,Faanui,PF,-16.48,-151.75,78.28,82,55,11.83,broken clouds
83,Zilupe,LV,56.39,28.12,66.6,51,83,3.18,broken clouds
84,Tiksi,RU,71.69,128.87,47.8,79,40,4.92,scattered clouds
85,Ilulissat,GL,69.22,-51.1,44.6,81,0,4.7,clear sky
86,Madras,IN,13.09,80.28,93.2,52,75,10.29,broken clouds
87,Thompson,CA,55.74,-97.86,44.6,100,20,2.24,few clouds
88,Katsuura,JP,35.13,140.3,78.01,82,77,7.96,broken clouds
89,Sao Joao Da Barra,BR,-21.64,-41.05,62.6,100,20,6.82,few clouds
90,Nanortalik,GL,60.14,-45.24,46.47,90,85,12.26,overcast clouds
91,Mareeba,AU,-17.0,145.43,68.0,82,75,11.41,drizzle
92,Jadu,LY,31.95,12.03,96.49,10,0,6.06,clear sky
93,Makakilo City,US,21.35,-158.09,78.8,64,1,4.7,clear sky
94,Pisco,PE,-13.7,-76.22,53.01,93,40,2.24,mist
95,Nauta,PE,-4.51,-73.58,70.81,85,33,1.16,scattered clouds
96,Hilo,US,19.73,-155.09,73.4,78,90,4.7,light rain
97,Dingli,MT,35.86,14.38,93.2,46,0,5.82,clear sky
98,Eureka,US,40.8,-124.16,57.0,93,90,2.24,fog
99,Udachnyy,RU,66.42,112.4,75.2,27,16,2.24,few clouds
100,Margate,GB,51.38,1.39,68.0,52,9,4.0,clear sky
101,Kodiak,US,57.79,-152.41,51.8,87,75,3.36,broken clouds
102,Gayny,RU,60.31,54.32,69.4,76,100,13.11,light rain
103,Fairbanks,US,64.84,-147.72,60.8,100,90,5.82,light rain
104,Homer,US,59.64,-151.55,55.4,93,90,1.23,fog
105,Kavieng,PG,-2.57,150.8,82.18,78,43,7.43,moderate rain
106,Rio Gallegos,AR,-51.62,-69.22,37.4,69,59,16.11,broken clouds
107,Mahebourg,MU,-20.41,57.7,75.2,64,75,14.99,shower rain
108,Clyde River,CA,70.47,-68.59,37.4,100,75,8.34,broken clouds
109,Srednekolymsk,RU,67.45,153.68,55.15,61,98,3.76,overcast clouds
110,Nikolskoye,RU,59.7,30.79,69.01,49,20,6.71,few clouds
111,Griffith,US,41.53,-87.42,66.2,83,90,5.82,light rain
112,Puerto Ayora,EC,-0.74,-90.35,66.0,97,96,3.0,overcast clouds
113,Colac,AU,-38.33,143.58,48.0,95,98,2.53,overcast clouds
114,Kharp,RU,66.8,65.81,70.09,50,77,10.54,broken clouds
115,Charters Towers,AU,-20.1,146.27,62.24,74,67,11.1,broken clouds
116,East London,ZA,-33.02,27.91,82.4,28,0,5.82,clear sky
117,Bethel,US,41.37,-73.41,73.4,94,90,4.7,overcast clouds
118,Myre,NO,69.1,15.95,60.8,87,16,9.17,few clouds
119,Hermanus,ZA,-34.42,19.23,79.0,27,0,9.48,clear sky
120,Tiznit,MA,29.58,-9.5,99.93,15,11,5.39,few clouds
121,New Norfolk,AU,-42.78,147.06,48.99,72,68,1.01,light rain
122,Bereda,ES,43.27,-7.54,70.0,63,95,14.0,overcast clouds
123,Bhera,PK,32.48,72.91,104.59,33,0,3.2,clear sky
124,Hima,UG,0.3,30.18,89.56,24,16,3.94,few clouds
125,Eyl,SO,7.98,49.82,92.86,35,95,29.51,overcast clouds
126,Tuktoyaktuk,CA,69.45,-133.04,44.55,85,100,20.24,overcast clouds
127,Dunajska Streda,SK,47.99,17.61,84.99,42,36,1.99,scattered clouds
128,Goderich,CA,43.75,-81.72,68.0,85,100,10.74,heavy intensity rain
129,Edgewater,US,28.99,-80.9,81.0,94,75,8.05,broken clouds
130,Vaini,TO,-21.2,-175.2,71.6,83,75,8.05,broken clouds
131,Salalah,OM,17.02,54.09,87.8,74,40,13.87,scattered clouds
132,Talnakh,RU,69.49,88.4,73.4,40,100,11.18,overcast clouds
133,Tres Arroyos,AR,-38.37,-60.28,46.51,77,61,7.49,broken clouds
134,Ponta Do Sol,PT,32.67,-17.1,75.0,68,14,4.12,few clouds
135,Edd,ER,13.93,41.69,92.46,53,8,8.97,light rain
136,Chuy,UY,-33.7,-53.46,53.8,87,99,8.21,overcast clouds
137,Ancud,CL,-41.87,-73.82,46.0,100,20,6.93,few clouds
138,Poum,NC,-20.23,164.02,68.43,69,25,12.39,scattered clouds
139,Ostrovnoy,RU,68.05,39.51,51.42,85,100,16.17,overcast clouds
140,Cabo San Lucas,MX,22.89,-109.91,84.0,60,20,10.27,few clouds
141,Cockburn Town,TC,21.46,-71.14,81.86,82,60,18.7,broken clouds
142,Marzuq,YE,14.4,46.47,90.36,35,11,5.28,few clouds
143,Sao Lourenco Do Oeste,BR,-26.36,-52.85,57.99,73,0,3.51,clear sky
144,Sheridan,US,44.83,-106.92,69.8,52,1,9.17,clear sky
145,Klaksvik,FO,62.23,-6.59,51.8,93,14,13.87,few clouds
146,Flin Flon,CA,54.77,-101.86,54.21,67,2,3.83,clear sky
147,Kuybyshevo,RU,47.81,38.91,76.69,38,36,7.52,scattered clouds
148,Campbell River,CA,50.02,-125.24,60.8,87,20,1.03,few clouds
149,Lompoc,US,34.64,-120.46,53.6,93,0,4.7,light rain
150,Tual,ID,-5.67,132.75,78.46,83,52,19.48,light rain
151,Atar,MR,20.52,-13.05,101.98,21,0,18.68,clear sky
152,Padang,ID,-0.95,100.35,81.34,72,80,3.89,broken clouds
153,Dumai,ID,1.68,101.45,82.08,80,99,4.21,light rain
154,Leshukonskoye,RU,64.9,45.76,50.92,95,100,8.48,light rain
155,Bouza,NE,14.42,6.04,81.84,63,100,12.48,light rain
156,Qasigiannguit,GL,68.82,-51.19,44.6,81,0,4.7,clear sky
157,Kirakira,SB,-10.45,161.92,79.48,80,19,2.57,light rain
158,Mizque,BO,-17.94,-65.34,51.73,66,0,1.59,clear sky
159,Oriximina,BR,-1.77,-55.87,77.74,68,16,1.72,few clouds
160,Boende,CD,-0.22,20.87,95.27,38,100,4.59,overcast clouds
161,Umm Kaddadah,SD,13.6,26.69,82.9,56,99,14.65,overcast clouds
162,Alihe,CN,50.57,123.72,68.9,87,61,4.27,light rain
163,Kangaatsiaq,GL,68.31,-53.46,43.03,87,44,5.77,scattered clouds
164,Kaitangata,NZ,-46.28,169.85,51.01,82,100,1.99,light rain
165,Boa Vista,BR,2.82,-60.67,75.2,88,75,2.24,broken clouds
166,Namatanai,PG,-3.67,152.43,80.13,82,60,10.33,moderate rain
167,Meulaboh,ID,4.14,96.13,83.07,72,95,5.5,overcast clouds
168,Tilichiki,RU,60.47,166.1,49.23,89,53,2.42,broken clouds
169,Baykit,RU,61.67,96.37,76.24,50,67,4.63,light rain
170,Toowoomba,AU,-27.55,151.97,53.6,62,0,5.82,clear sky
171,Onokhoy,RU,51.93,108.07,66.2,72,90,17.9,overcast clouds
172,Upernavik,GL,72.79,-56.15,41.43,67,0,9.89,clear sky
173,Ust-Koksa,RU,50.27,85.61,73.53,41,4,5.41,clear sky
174,Contramaestre,CU,20.3,-76.24,78.8,88,75,6.93,broken clouds
175,Narsaq,GL,60.92,-46.05,48.2,76,95,3.36,light intensity shower rain
176,Khatanga,RU,71.97,102.5,66.72,67,84,1.83,broken clouds
177,Yerofey Pavlovich,RU,53.97,121.97,66.31,79,88,11.03,overcast clouds
178,Nome,US,64.5,-165.41,51.8,81,1,10.29,clear sky
179,Nongan,CN,44.38,125.17,84.2,62,20,6.71,few clouds
180,Marondera,ZW,-18.19,31.55,66.65,26,0,9.71,clear sky
181,Port Elizabeth,ZA,-33.92,25.57,86.0,17,0,11.41,clear sky
182,Lebu,CL,-37.62,-73.65,50.72,92,92,5.01,overcast clouds
183,Kenai,US,60.55,-151.26,57.2,93,90,3.36,light rain
184,Kang,BW,-23.68,22.79,76.23,18,0,12.64,clear sky
185,Nogales,MX,31.31,-110.94,77.0,88,1,4.09,clear sky
186,Henties Bay,NA,-22.12,14.28,86.0,16,0,16.24,clear sky
187,Luderitz,NA,-26.65,15.16,82.83,15,0,14.27,clear sky
188,Severnoye,RU,56.35,78.36,82.96,62,42,6.58,scattered clouds
189,Sao Benedito Do Rio Preto,BR,-3.33,-43.53,79.48,72,21,3.06,few clouds
190,Guerrero Negro,MX,27.98,-114.06,73.2,71,71,8.43,broken clouds
191,Baiyin,CN,36.56,104.21,86.0,20,20,8.95,few clouds
192,Williams Lake,CA,52.14,-122.14,60.8,67,20,3.36,few clouds
193,Los Llanos De Aridane,ES,28.66,-17.92,77.0,73,15,16.11,few clouds
194,Kaura Namoda,NG,12.59,6.58,84.63,65,96,14.92,overcast clouds
195,Smolenskoye,RU,52.3,85.08,78.37,45,43,11.59,scattered clouds
196,Tucurui,BR,-3.77,-49.67,75.88,64,23,2.77,few clouds
197,Palu,ID,-0.89,119.87,77.25,81,100,2.21,light rain
198,Deville-Les-Rouen,FR,49.47,1.05,69.01,55,90,8.05,overcast clouds
199,Arraial Do Cabo,BR,-22.97,-42.03,59.0,93,20,2.24,few clouds
200,Tevaitoa,PF,-16.78,-151.5,78.93,79,79,11.41,broken clouds
201,Ivankiv,UA,50.94,29.89,66.2,55,68,8.95,broken clouds
202,Tura,IN,25.52,90.22,87.21,77,90,2.68,light rain
203,Waddan,LY,29.16,16.14,97.83,16,0,5.57,clear sky
204,Airai,TL,-8.93,125.41,56.48,100,74,3.09,broken clouds
205,Mont-De-Marsan,FR,44.0,-0.67,73.0,64,75,6.93,broken clouds
206,Gat,IL,31.61,34.76,91.99,48,0,5.99,clear sky
207,Hamilton,US,39.18,-84.53,68.0,93,90,12.75,light rain
208,East Hemet,US,33.74,-116.94,66.99,40,0,1.92,clear sky
209,Shingu,JP,33.73,135.98,78.8,94,40,6.93,scattered clouds
210,Codrington,AU,-38.27,141.97,49.77,69,100,5.57,overcast clouds
211,Moree,AU,-29.47,149.85,51.8,62,0,6.93,clear sky
212,Mapiri,BO,-15.25,-68.17,59.34,81,39,1.34,scattered clouds
213,Paita,PE,-5.09,-81.11,60.51,89,11,10.45,few clouds
214,Bayevo,RU,53.28,80.77,81.39,50,0,11.45,clear sky
215,Yashan,CN,22.2,109.94,79.05,90,100,8.21,light rain
216,Nganjuk,ID,-7.61,111.9,76.17,66,84,10.18,broken clouds
217,Castro,BR,-24.79,-50.01,49.17,96,27,4.74,scattered clouds
218,Svetlogorsk,BY,52.63,29.73,68.14,59,71,7.4,broken clouds
219,Teguldet,RU,57.31,88.17,76.98,40,0,3.18,clear sky
220,San Patricio,MX,19.22,-104.7,78.49,78,37,3.65,scattered clouds
221,Nurota,UZ,40.56,65.69,95.0,13,0,4.7,clear sky
222,Tupik,RU,54.43,119.93,60.91,93,100,5.53,light rain
223,La Seyne-Sur-Mer,FR,43.1,5.88,95.0,55,19,11.41,few clouds
224,Boblingen,DE,48.68,9.02,75.99,60,40,12.75,thunderstorm
225,Villarrica,PY,-25.75,-56.43,63.91,73,0,7.25,clear sky
226,Camacha,PT,33.08,-16.33,69.8,83,75,14.99,broken clouds
227,Portland,US,45.52,-122.68,64.0,85,0,3.0,clear sky
228,Geraldton,AU,-28.77,114.6,60.8,72,0,11.41,clear sky
229,Gerash,IR,27.67,54.14,105.8,21,20,10.54,few clouds
230,Buchanan,LR,5.88,-10.05,75.2,94,90,6.93,moderate rain
231,Yellowknife,CA,62.46,-114.35,68.0,72,20,13.87,few clouds
232,Banjar,ID,-8.19,114.97,78.8,83,20,12.75,few clouds
233,Iranshahr,IR,27.2,60.68,111.2,20,20,9.17,few clouds
234,Red Bluff,US,40.18,-122.24,69.8,46,1,4.7,clear sky
235,Cabedelo,BR,-6.98,-34.83,73.4,94,90,10.29,light rain
236,El Escorial,ES,40.59,-4.15,90.0,31,0,1.99,clear sky
237,Tres Passos,BR,-27.46,-53.93,59.0,94,0,5.79,clear sky
238,Rio Grande,BR,-32.03,-52.1,54.0,98,33,10.33,scattered clouds
239,Vardo,NO,70.37,31.11,49.95,83,97,12.06,overcast clouds
240,Kununurra,AU,-15.77,128.73,71.6,35,24,3.09,few clouds
241,Yarada,IN,17.65,83.27,87.8,79,75,11.41,mist
242,Bima,ID,-8.47,118.72,73.38,77,66,2.3,broken clouds
243,Male,MV,4.17,73.51,83.28,77,100,15.52,overcast clouds
244,Cherskiy,RU,68.75,161.3,47.25,69,59,5.97,broken clouds
245,Kavaratti,IN,10.57,72.64,82.15,80,82,25.48,moderate rain
246,Yar-Sale,RU,66.83,70.83,70.77,50,19,13.82,few clouds
247,Bandiagara,ML,14.35,-3.61,87.49,51,1,13.56,clear sky
248,Ulaangom,MN,49.98,92.07,68.76,40,61,6.76,broken clouds
249,Nelson,NZ,-41.28,173.28,48.99,85,100,3.0,overcast clouds
250,Hovd,MN,48.01,91.64,67.06,39,25,10.27,scattered clouds
251,Nalut,LY,30.33,10.85,98.26,9,0,6.67,clear sky
252,San Blas,MX,21.52,-105.27,79.02,81,93,2.55,overcast clouds
253,Pachino,IT,36.72,15.09,91.99,68,0,8.3,clear sky
254,Bandarbeyla,SO,9.49,50.81,91.9,38,100,30.02,overcast clouds
255,Qaqortoq,GL,60.72,-46.03,48.2,76,88,3.36,light intensity shower rain
256,Kontagora,NG,10.4,5.47,82.17,72,96,8.25,overcast clouds
257,Port Hedland,AU,-20.32,118.57,71.6,40,0,8.05,clear sky
258,Ahipara,NZ,-35.17,173.17,55.99,87,100,15.95,light rain
259,Georgetown,MY,5.41,100.34,86.0,74,20,5.82,few clouds
260,Saint-Jovite,CA,46.12,-74.6,66.2,88,75,2.24,broken clouds
261,Sola,VU,-13.88,167.55,77.04,89,0,16.87,light rain
262,Arandis,NA,-22.42,14.97,88.95,11,0,19.71,clear sky
263,Berbera,SO,10.44,45.01,98.13,34,79,25.43,broken clouds
264,Anloga,GH,5.79,0.9,82.4,65,40,11.41,scattered clouds
265,Pangnirtung,CA,66.15,-65.71,50.02,65,87,2.17,overcast clouds
266,Vanimo,PG,-2.67,141.3,77.5,83,100,2.33,overcast clouds
267,Arcachon,FR,44.59,-1.05,78.01,60,90,10.29,overcast clouds
268,Necochea,AR,-38.55,-58.74,46.0,97,57,1.99,broken clouds
269,Fortuna,US,40.6,-124.16,57.0,1,3,2.89,clear sky
270,Seymchan,RU,62.88,152.43,50.27,73,21,3.98,few clouds
271,Quatre Cocos,MU,-20.21,57.76,75.2,64,75,14.99,shower rain
272,Victoria,HK,22.29,114.16,82.0,83,100,11.01,overcast clouds
273,Birjand,IR,32.87,59.22,95.0,8,20,18.34,few clouds
274,Kitgum,UG,3.28,32.89,84.27,49,2,6.35,clear sky
275,Santa Engracia,ES,41.94,-1.32,80.6,53,0,21.92,clear sky
276,Qax,AZ,41.42,46.92,89.6,40,3,6.93,light rain
277,Sao Sebastiao,BR,-23.76,-45.41,66.63,82,30,3.53,scattered clouds
278,Caluquembe,AO,-13.78,14.68,81.64,21,3,5.44,clear sky
279,Muroto,JP,33.28,134.15,82.4,88,75,4.7,broken clouds
280,Natal,BR,-5.79,-35.21,73.4,94,40,8.05,scattered clouds
281,Coihaique,CL,-45.58,-72.07,35.6,93,90,3.36,overcast clouds
282,North Bend,US,43.41,-124.22,55.4,100,20,3.36,few clouds
283,Tarauaca,BR,-8.16,-70.77,65.62,73,1,1.92,clear sky
284,Abu Zabad,SD,12.35,29.25,76.6,75,95,14.2,overcast clouds
285,Pemangkat,ID,1.17,108.97,80.62,86,85,12.37,moderate rain
286,Coahuayana,MX,18.73,-103.68,76.37,77,45,3.69,scattered clouds
287,Ust-Tsilma,RU,65.44,52.15,66.9,46,91,3.38,overcast clouds
288,Lagoa,PT,39.05,-27.98,70.99,69,9,9.91,clear sky
289,Mayo,US,38.89,-76.51,79.0,88,90,6.93,overcast clouds
290,Feldkirchen An Der Donau,AT,48.35,14.05,78.8,57,20,8.05,few clouds
291,Dunedin,NZ,-45.87,170.5,52.0,80,100,2.3,overcast clouds
292,Pingliang,CN,35.54,106.69,82.89,48,38,8.14,scattered clouds
293,Baillif,GP,16.02,-61.75,77.0,94,55,2.24,broken clouds
294,Coffs Harbour,AU,-30.3,153.13,53.01,93,0,2.46,clear sky
295,Breytovo,RU,58.3,37.86,62.83,63,100,10.63,light rain
296,Maarianhamina,AX,60.1,19.93,68.0,77,64,11.41,broken clouds
297,Melo,UY,-32.37,-54.18,56.3,88,91,6.55,overcast clouds
298,Ouallam,NE,14.32,2.09,91.29,46,30,17.63,scattered clouds
299,Panaba,MX,21.28,-88.27,75.85,94,1,3.58,clear sky
300,Coquimbo,CL,-29.95,-71.34,46.4,87,5,5.82,clear sky
301,Fecamp,FR,49.76,0.37,69.01,68,75,10.29,broken clouds
302,Paamiut,GL,61.99,-49.67,45.99,95,100,16.84,light rain
303,Tambun,ID,-6.26,107.07,86.0,58,20,5.82,few clouds
304,Sao Gabriel Da Cachoeira,BR,-0.13,-67.09,70.84,96,24,0.72,few clouds
305,Lavrentiya,RU,65.58,-171.0,42.01,75,59,9.04,broken clouds
306,Zwijndrecht,NL,51.82,4.63,72.0,67,87,5.01,overcast clouds
307,Bengkulu,ID,-3.8,102.27,80.31,82,54,7.54,broken clouds
308,Gadung,PH,6.8,124.02,81.84,77,98,5.19,light rain
309,Dalianwan,CN,39.03,121.69,77.0,88,75,8.95,broken clouds
310,Uwajima,JP,33.22,132.56,80.6,78,75,3.36,broken clouds
311,Xiongzhou,CN,25.12,114.3,80.83,83,53,3.89,moderate rain
312,Port Lincoln,AU,-34.73,135.87,53.67,77,100,10.2,overcast clouds
313,Kamaishi,JP,39.27,141.88,75.2,83,75,5.82,broken clouds
314,Mantua,IT,45.17,10.78,88.0,64,42,5.99,scattered clouds
315,Halkirk,CA,52.28,-112.15,61.0,74,81,10.0,broken clouds
316,Bamiantong,CN,44.93,130.53,71.82,89,78,7.05,broken clouds
317,Sadat,IN,25.68,83.28,93.2,63,75,5.82,haze
318,Karasjok,NO,69.47,25.51,53.6,71,75,6.93,broken clouds
319,Kurilsk,RU,45.23,147.88,61.16,88,96,10.83,overcast clouds
320,Sembakung,ID,3.82,117.25,76.41,91,88,3.09,overcast clouds
321,Nobres,BR,-14.72,-56.33,67.28,44,7,4.72,clear sky
322,Jawhar,SO,2.78,45.5,88.11,45,69,22.53,broken clouds
323,Anderson,US,34.53,-82.65,73.4,88,1,3.36,clear sky
324,Buxton,GB,53.26,-1.91,68.0,75,40,1.99,scattered clouds
325,Inhambane,MZ,-23.86,35.38,75.2,44,40,4.7,scattered clouds
326,Ewa Beach,US,21.32,-158.01,78.8,64,1,4.7,clear sky
327,Kyabe,TD,9.45,18.94,73.26,95,99,5.82,light rain
328,Naujoji Akmene,LT,56.32,22.9,69.8,49,91,3.36,overcast clouds
329,Joao Pinheiro,BR,-17.74,-46.17,64.47,62,29,9.19,scattered clouds
330,Baft,IR,29.23,56.61,85.62,19,59,3.11,broken clouds
331,Sakakah,SA,29.97,40.21,104.0,11,0,13.87,clear sky
332,Tigre,AR,-34.43,-58.58,66.2,77,100,9.17,overcast clouds
333,Puri,IN,19.8,85.85,95.0,63,40,4.7,haze
334,Guadalajara,MX,20.67,-103.33,61.0,87,75,3.36,moderate rain
335,Usvyaty,RU,55.75,30.75,67.82,48,9,5.97,clear sky
336,Tshikapa,CD,-6.42,20.8,95.74,22,94,4.36,overcast clouds
337,Oranjestad,AW,12.52,-70.03,82.4,88,75,13.87,broken clouds
338,Tete,MZ,-16.16,33.59,78.8,39,75,8.05,broken clouds
339,Orumiyeh,IR,37.55,45.08,87.8,31,20,11.41,few clouds
340,Saint-Georges,GD,12.06,-61.75,77.0,94,75,13.87,light rain
341,Spirit River,CA,55.78,-118.84,62.01,100,75,5.82,broken clouds
342,Kazachinskoye,RU,57.7,93.28,74.71,73,98,2.28,light rain
343,Ayan,RU,56.45,138.17,53.31,86,31,4.12,scattered clouds
344,Rocha,UY,-34.48,-54.33,56.61,87,94,12.91,overcast clouds
345,Saint Anthony,US,45.02,-93.22,64.4,77,20,11.41,few clouds
346,Gilbues,BR,-9.83,-45.34,69.87,59,13,13.82,few clouds
347,Itaparica,BR,-12.89,-38.68,73.4,83,75,17.22,light rain
348,Tahta,EG,26.77,31.5,102.2,14,0,11.41,clear sky
349,La Plata,AR,-34.92,-57.95,64.0,81,100,3.0,overcast clouds
350,Sisimiut,GL,66.94,-53.67,50.52,77,94,4.23,overcast clouds
351,Half Moon Bay,US,37.46,-122.43,59.0,100,90,6.93,mist
352,Aklavik,CA,68.22,-135.01,50.0,87,90,6.93,overcast clouds
353,Bayji,IQ,34.93,43.49,110.5,9,0,9.86,clear sky
354,Wahiawa,US,21.5,-158.02,78.01,69,40,3.36,scattered clouds
355,Kenitra,MA,34.26,-6.58,80.6,69,40,8.05,scattered clouds
356,Port-Gentil,GA,-0.72,8.78,80.6,74,75,10.45,broken clouds
357,Uyuni,BO,-20.46,-66.83,32.63,69,1,0.63,clear sky
358,Waipawa,NZ,-41.41,175.52,50.0,87,100,8.05,overcast clouds
359,Longyearbyen,SJ,78.22,15.64,46.4,93,75,3.36,broken clouds
360,Jensen Beach,US,27.25,-80.23,82.0,83,90,20.8,moderate rain
361,San Quintin,MX,30.48,-115.95,71.28,78,0,1.43,clear sky
362,Yulara,AU,-25.24,130.99,59.0,13,40,5.82,scattered clouds
363,Nizhniy Tsasuchey,RU,50.52,115.13,69.76,76,65,17.07,light rain
364,Caravelas,BR,-17.71,-39.25,71.6,80,5,8.34,light rain
365,Batemans Bay,AU,-35.72,150.18,46.99,91,52,3.58,broken clouds
366,Xingyi,CN,24.19,102.82,68.88,89,78,4.05,light rain
367,Jiazi,CN,22.88,116.07,80.47,87,94,7.09,light rain
368,La Trinidad,PH,16.45,120.59,64.89,100,100,2.75,light rain
369,Vila Franca Do Campo,PT,37.72,-25.43,73.4,69,20,8.05,few clouds
370,Hami,CN,42.8,93.45,95.11,9,17,3.69,few clouds
371,Saint-Leu,RE,-21.15,55.28,73.4,56,20,19.46,few clouds
372,Mitsamiouli,KM,-11.38,43.28,84.2,62,20,16.11,few clouds
373,Kamakwie,SL,9.5,-12.23,76.6,92,100,2.86,light rain
374,Talara,PE,-4.58,-81.27,63.25,83,0,15.28,clear sky
375,Saint-Pierre,RE,-21.34,55.48,73.4,56,20,19.46,few clouds
376,Kruisfontein,ZA,-34.0,24.73,87.01,15,0,5.99,clear sky
377,Saldanha,ZA,-33.01,17.94,71.6,35,0,10.29,clear sky
378,Nova Granada,BR,-20.53,-49.31,63.93,55,0,7.63,clear sky
379,Yantal,RU,56.85,105.25,77.38,49,27,6.4,scattered clouds
380,Wenling,CN,28.37,121.36,86.0,54,5,6.96,clear sky
381,San Fernando,PH,15.03,120.69,84.2,78,75,2.24,broken clouds
382,Teya,RU,60.38,92.63,76.21,40,48,2.62,scattered clouds
383,Constitucion,CL,-35.33,-72.42,52.25,89,66,3.04,broken clouds
384,Mishkino,RU,55.34,63.92,88.02,40,0,13.4,clear sky
385,Payo,ID,-3.75,103.64,81.05,65,44,3.04,scattered clouds
386,Skibbereen,IE,51.55,-9.27,60.8,63,75,8.05,broken clouds
387,Proletariy,RU,58.43,31.7,67.57,51,40,7.05,scattered clouds
388,Flinders,AU,-34.58,150.86,51.01,77,89,1.01,overcast clouds
389,Groa,NO,62.65,8.72,66.2,72,75,6.93,broken clouds
390,Oga,IT,46.46,10.35,66.99,100,90,1.12,light rain
391,Lasa,IT,46.62,10.7,73.0,87,75,6.93,broken clouds
392,Praia,CV,14.92,-23.51,82.4,78,75,10.29,broken clouds
393,Kaeo,NZ,-35.1,173.78,57.99,3,100,11.01,overcast clouds
394,Ahuimanu,US,21.44,-157.84,78.8,69,20,10.29,few clouds
395,Kalemie,CD,-5.95,29.19,79.16,44,79,12.77,broken clouds
396,Praia Da Vitoria,PT,38.73,-27.07,71.6,73,40,6.38,scattered clouds
397,Yurgamysh,RU,55.37,64.47,89.55,33,0,13.04,clear sky
398,Anadyr,RU,64.75,177.48,48.2,87,20,4.47,few clouds
399,Naze,JP,28.37,129.48,84.2,74,75,8.05,broken clouds
400,Marawi,PH,8.0,124.29,82.99,83,100,7.0,light rain
401,Abha,SA,18.22,42.51,78.8,65,40,13.87,scattered clouds
402,Itaituba,BR,-4.28,-55.98,71.92,63,1,1.57,clear sky
403,La Libertad,EC,-2.23,-80.9,67.19,88,58,5.61,broken clouds
404,Cap Malheureux,MU,-19.98,57.61,75.0,68,71,11.99,broken clouds
405,Roald,NO,62.58,6.13,61.0,87,75,9.17,light intensity drizzle
406,Olden,NO,61.84,6.81,62.6,82,75,4.7,shower rain
407,Verkhniy Avzyan,RU,53.53,57.54,82.96,47,77,4.38,broken clouds
408,Jacareacanga,BR,-6.22,-57.75,67.6,61,0,3.22,clear sky
409,Zhezkazgan,KZ,47.8,67.71,95.0,19,75,13.42,broken clouds
410,Ampanihy,MG,-24.7,44.75,79.05,30,0,14.52,clear sky
411,Omegna,IT,45.88,8.41,84.0,53,30,1.99,scattered clouds
412,Kalabo,ZM,-14.97,22.68,78.15,19,0,10.33,clear sky
413,Santa Rosalia,MX,27.32,-112.28,86.25,52,99,5.55,overcast clouds
414,Majene,ID,-3.54,118.97,80.2,79,93,2.77,light rain
415,Buala,SB,-8.14,159.59,80.17,78,34,3.2,scattered clouds
416,Yerbogachen,RU,61.28,108.01,73.02,53,0,6.24,clear sky
417,Alofi,NU,-19.06,-169.92,64.4,88,79,1.12,broken clouds
418,Alice Springs,AU,-23.7,133.88,66.2,13,0,6.93,clear sky
419,Gloversville,US,43.05,-74.34,70.0,100,90,3.36,light rain
420,Fort Saint James,CA,54.43,-124.25,55.54,69,56,4.05,broken clouds
421,Maradi,NE,13.5,7.1,73.4,100,40,6.93,thunderstorm with rain
422,Belmonte,BR,-15.86,-38.88,66.2,93,75,5.82,shower rain
423,Kahului,US,20.89,-156.47,78.8,65,75,11.41,broken clouds
424,Callaway,US,30.15,-85.57,77.0,94,1,4.7,clear sky
425,Areosa,PT,41.72,-8.86,75.0,77,41,4.7,scattered clouds
426,Faya,SA,18.39,42.45,78.8,65,40,13.87,scattered clouds
427,Komsomolskiy,UZ,40.43,71.72,91.4,18,0,9.17,clear sky
428,Kimbe,PG,-5.55,150.14,76.35,80,27,6.98,scattered clouds
429,Yinchuan,CN,38.47,106.27,91.06,12,98,2.39,overcast clouds
430,Changji,CN,44.02,87.32,93.2,13,19,11.18,few clouds
431,Fray Bentos,UY,-33.13,-58.3,63.0,85,100,8.01,overcast clouds
432,Mandiana,GN,10.63,-8.68,79.43,81,43,4.94,light rain
433,Atherton,GB,53.52,-2.49,66.99,60,74,8.01,light rain
434,Jiwani,PK,25.05,61.74,85.84,76,1,14.16,clear sky
435,Grand Gaube,MU,-20.01,57.66,75.0,68,78,11.99,broken clouds
436,Taywarah,AF,33.35,64.42,80.1,14,0,8.84,clear sky
437,Tessalit,ML,20.2,1.01,100.4,25,22,13.15,few clouds
438,Idrinskoye,RU,54.37,92.14,69.69,72,53,5.39,broken clouds
439,Laguna,US,38.42,-121.42,64.4,68,1,4.7,clear sky
440,Qena,EG,26.16,32.72,104.0,21,3,5.82,clear sky
441,Jurm,AF,36.86,70.83,86.09,21,0,10.6,clear sky
442,Haines Junction,CA,60.75,-137.51,47.52,82,95,4.74,overcast clouds
443,Hamadan,IR,34.8,48.51,91.4,14,20,11.41,few clouds
444,Vaitape,PF,-16.52,-151.75,79.12,80,55,11.63,broken clouds
445,Dukat,RU,62.55,155.55,43.38,73,91,2.93,overcast clouds
446,Fukue,JP,32.69,128.84,78.8,94,75,4.7,mist
447,Ishigaki,JP,24.34,124.16,80.6,100,75,27.51,light intensity shower rain
448,Vestmanna,FO,62.16,-7.17,51.8,93,27,13.87,light rain
449,Rapid Valley,US,44.06,-103.15,57.2,81,1,3.36,clear sky
450,Itororo,BR,-15.12,-40.07,66.87,83,51,4.52,broken clouds
451,Sept-Iles,CA,50.2,-66.38,60.01,93,5,3.09,clear sky
452,Manta,EC,-0.95,-80.73,69.58,88,100,7.54,overcast clouds
453,Lindi,TZ,-10.0,39.72,86.07,45,34,7.94,scattered clouds
454,San Cristobal,VE,7.77,-72.22,65.35,84,88,3.78,overcast clouds
455,Manono,CD,-7.3,27.42,94.3,18,42,8.12,scattered clouds
456,Rubtsovsk,RU,51.5,81.25,82.45,37,0,19.46,clear sky
457,Kamenka,RU,51.32,42.77,70.05,58,7,6.24,moderate rain
458,Misratah,LY,32.38,15.09,90.14,40,0,15.26,clear sky
459,Chicama,PE,-7.84,-79.15,59.13,87,9,4.29,clear sky
460,Vanderhoof,CA,54.02,-124.02,56.46,74,85,4.16,overcast clouds
461,La Asuncion,VE,11.03,-63.86,89.6,70,48,6.93,moderate rain
462,Okhotsk,RU,59.38,143.3,56.46,76,6,4.14,clear sky
463,Isangel,VU,-19.55,169.27,68.31,75,13,12.75,few clouds
464,Ulundi,ZA,-28.34,31.42,81.37,16,0,6.89,clear sky
465,Yaritagua,VE,10.08,-69.13,71.6,100,95,10.29,overcast clouds
466,Sao Pedro,BR,-22.55,-47.91,56.35,87,18,4.79,few clouds
467,Mezen,RU,65.85,44.24,51.33,94,100,11.65,light rain
468,Samarai,PG,-10.62,150.67,76.98,83,81,15.61,light rain
469,Vao,NC,-22.67,167.48,69.15,67,100,13.44,overcast clouds
470,Dunmore East,IE,52.15,-6.99,61.0,72,75,5.82,broken clouds
471,Arona,ES,28.1,-16.68,87.01,73,9,6.93,clear sky
472,Ukiah,US,39.15,-123.21,62.6,59,1,2.44,clear sky
473,Baturaja,ID,-4.13,104.17,80.1,68,71,2.46,broken clouds
474,North Platte,US,41.12,-100.77,57.99,87,75,3.36,broken clouds
475,Thunder Bay,CA,48.4,-89.32,59.0,77,75,6.93,broken clouds
476,Alta Floresta,BR,-9.88,-56.09,64.94,50,0,3.94,clear sky
477,Korla,CN,41.76,86.15,93.22,11,56,5.97,broken clouds
478,Harper,LR,4.38,-7.72,76.78,73,51,11.45,broken clouds
479,Zurrieq,MT,35.83,14.47,93.2,46,0,5.82,clear sky
480,Navolato,MX,24.77,-107.69,75.99,94,56,2.89,broken clouds
481,Bermejo,AR,-32.88,-68.8,59.0,26,0,12.75,clear sky
482,Urdoma,RU,61.75,48.54,62.24,56,100,6.06,overcast clouds
483,Jiayuguan,CN,39.82,98.3,84.29,13,100,17.76,overcast clouds
484,Jhalawar,IN,24.6,76.15,93.04,53,100,10.16,overcast clouds
485,Tutoia,BR,-2.76,-42.27,78.3,72,32,8.55,scattered clouds
486,Bharatpur,IN,27.22,77.48,96.8,56,40,3.36,scattered clouds
487,Uruacu,BR,-14.52,-49.14,67.87,54,0,5.93,clear sky
488,Ajaccio,FR,42.0,8.92,87.8,66,0,12.75,clear sky
489,Guerande,FR,47.33,-2.43,70.0,52,90,10.29,overcast clouds
490,Portel,BR,-1.94,-50.82,77.04,81,0,3.96,clear sky
491,Cidreira,BR,-30.18,-50.21,59.63,74,11,7.02,few clouds
492,Tamuin,MX,21.98,-98.75,74.95,93,0,2.84,clear sky
493,Karratha,AU,-20.74,116.85,73.72,41,0,10.11,clear sky
494,Kharovsk,RU,59.96,40.19,64.69,52,35,6.87,scattered clouds
495,Grants,US,35.15,-107.85,62.6,59,1,9.17,clear sky
496,Iralaya,HN,15.0,-83.23,79.68,85,17,6.62,few clouds
497,Dharangaon,IN,21.02,75.27,95.09,51,33,8.52,scattered clouds
498,Touros,BR,-5.2,-35.46,73.4,94,40,8.05,scattered clouds
499,Douentza,ML,15.0,-2.95,90.88,45,5,12.93,clear sky
500,Bara,NG,10.37,10.73,82.96,69,98,7.58,light rain
501,Mehamn,NO,71.04,27.85,50.43,78,97,6.64,overcast clouds
502,Conceicao Do Mato Dentro,BR,-19.04,-43.42,59.63,83,75,1.83,broken clouds
503,Xining,CN,36.62,101.77,77.0,37,100,15.75,overcast clouds
504,Ust-Maya,RU,60.42,134.53,63.73,59,2,3.24,clear sky
505,Xuanhua,CN,40.61,115.04,81.77,33,7,5.14,clear sky
506,Saint-Francois,FR,46.42,3.91,75.2,60,100,8.05,light rain
507,Lata,PT,40.16,-8.33,82.99,48,11,6.85,few clouds
508,Hailey,US,43.52,-114.32,60.8,38,1,11.41,clear sky
509,Gazanjyk,TM,39.24,55.52,102.16,11,0,11.36,clear sky
510,Kralendijk,BQ,12.15,-68.27,82.4,88,66,11.41,light rain
511,Fez,MA,34.04,-5.0,96.8,23,68,9.17,broken clouds
512,Ketchikan,US,55.34,-131.65,60.8,93,90,5.82,moderate rain
513,Talas,TR,38.69,35.55,87.8,29,20,8.05,few clouds
514,Trapani,IT,37.83,12.67,89.01,74,0,6.93,clear sky
515,Severomorsk,RU,69.07,33.42,51.8,81,75,4.47,broken clouds
516,Ossora,RU,59.24,163.07,53.35,71,16,5.91,few clouds
517,Bambous Virieux,MU,-20.34,57.76,75.2,64,75,14.99,shower rain
518,Fare,PF,-16.7,-151.02,78.89,79,83,11.59,broken clouds
519,Basoko,CD,1.24,23.62,84.04,69,100,2.91,moderate rain
520,Colquechaca,BO,-18.67,-66.02,26.67,89,0,3.18,clear sky
521,Sharjah,AE,25.36,55.4,107.6,38,8,9.17,clear sky
522,Cuiluan,CN,47.72,128.65,77.63,66,95,5.08,overcast clouds
523,Manaus,BR,-3.1,-60.02,80.6,78,75,3.36,broken clouds
524,Wanaka,NZ,-44.7,169.15,48.99,79,100,1.99,overcast clouds
525,Vestmannaeyjar,IS,63.44,-20.27,51.8,93,75,13.87,broken clouds
526,Vung Tau,VN,10.35,107.08,82.29,80,100,19.44,light rain
527,Pore,CO,5.73,-71.99,70.27,74,43,2.93,scattered clouds
528,Berlevag,NO,70.86,29.09,49.87,80,96,7.85,overcast clouds
529,Viedma,AR,-40.81,-63.0,45.19,64,0,10.27,clear sky
530,Manadhoo,MV,5.77,73.38,83.21,79,92,17.2,overcast clouds
531,Rock Sound,BS,24.9,-76.2,83.55,80,100,26.42,light rain
532,Brigantine,US,39.41,-74.36,78.8,83,90,11.41,overcast clouds
533,Ucluelet,CA,48.93,-125.55,57.0,90,87,3.4,overcast clouds
534,Qingdao,CN,36.1,120.37,84.0,83,40,11.18,scattered clouds
535,Winneba,GH,5.35,-0.62,80.6,69,40,11.41,scattered clouds
536,Manggar,ID,-2.88,108.27,81.09,79,61,8.16,broken clouds
537,Vzmorye,RU,54.7,20.24,69.8,68,40,6.71,scattered clouds
538,Mariental,NA,-24.63,17.97,77.02,16,0,19.71,clear sky
539,Jumla,NP,29.27,82.18,75.99,94,92,3.98,light rain
540,Alto Araguaia,BR,-17.31,-53.22,65.77,54,0,6.06,clear sky
541,Saryg-Sep,RU,51.5,95.6,64.11,65,96,4.34,overcast clouds
542,Leeton,AU,-34.57,146.4,48.99,81,46,3.71,scattered clouds
543,Vila,PT,42.03,-8.16,75.0,53,80,10.0,broken clouds
544,Kitimat,CA,54.05,-128.65,59.99,81,100,1.25,light rain
545,Biak,ID,-0.91,122.88,76.14,85,96,3.87,light rain
546,Carangola,BR,-20.73,-42.03,62.37,81,38,1.92,scattered clouds
547,Byron Bay,AU,-28.65,153.62,59.0,93,0,3.13,clear sky
548,Fort Dodge,US,42.5,-94.17,64.4,93,20,5.82,few clouds
549,Ende,ID,-8.84,121.66,72.88,73,11,2.19,few clouds
550,Yangjiang,CN,21.85,111.97,78.94,93,100,5.39,moderate rain
551,Roma,US,43.21,-75.46,68.0,88,90,13.87,heavy intensity rain
552,Broken Hill,AU,-31.95,141.43,55.4,30,25,4.85,scattered clouds
553,Merauke,ID,-8.47,140.33,77.47,73,54,15.86,broken clouds
554,Atkarsk,RU,51.87,45.01,69.51,56,75,5.23,broken clouds
555,Baruun-Urt,MN,46.68,113.28,65.95,64,65,11.07,broken clouds
556,Owando,CG,-0.48,15.9,88.72,50,100,5.75,overcast clouds
557,La Tuque,CA,47.43,-72.78,64.11,85,95,2.91,overcast clouds
558,Andra,RU,62.51,65.89,76.32,44,77,14.23,broken clouds
559,Soyo,AO,-6.13,12.37,76.41,69,100,5.44,overcast clouds
560,Najran,SA,17.49,44.13,102.2,27,40,6.93,scattered clouds
561,Avera,US,33.19,-82.53,71.6,72,1,5.59,clear sky
562,Fengrun,CN,39.83,118.12,79.74,78,54,6.62,heavy intensity rain
563,Chabahar,IR,25.29,60.64,86.0,75,1,15.1,clear sky
564,Xuddur,SO,4.12,43.89,86.07,38,34,23.35,scattered clouds
565,Kloulklubed,PW,7.04,134.26,82.4,83,75,3.36,broken clouds
566,Port Macquarie,AU,-31.43,152.92,51.01,95,13,4.18,few clouds
567,Kapuskasing,CA,49.42,-82.43,50.0,93,90,12.75,mist
568,Sinnamary,GF,5.38,-52.95,77.67,85,87,7.09,light rain
569,Zhigansk,RU,66.77,123.37,65.64,45,24,12.48,few clouds
